{
	"core":{
		"magic": "APF_VER_1",
		"metadata": {
			"platform_ids": [
				"jtcircus",
				"jtpatreon"
			],
			"shortname": "jtcircus",
			"description": "Arcade",
			"author": "jotego",
			"url": "https://patreon.com/jotego",
			"version": "c969457",
			"date_release": "2025-03-21"
		},
		"framework": {
			"target_product": "Analogue Pocket",
			"version_required": "1.1",
			"sleep_supported": false,
			"dock": {
				"supported": true,
				"analog_output": false
			},
			"hardware": {
				"link_port": false,
				"cartridge_adapter": 0
			}
		},
		"cores": [
			{
				"name": "jtcircus",
				"id": 0,
				"filename": "jtcircus.rbf_r"
			}
		]
	}
}