<mame>
	<machine name="bionicc" sourcefile="bionicc.cpp">
		<description>Bionic Commando (Euro)</description>
		<year>1987</year>
		<manufacturer>Capcom</manufacturer>
		<rom name="tse_02.1a" size="65536" crc="e4aeefaa" sha1="77b6a2d4337bf350239abb50013d030d7c5c8640" region="maincpu" offset="0"/>
		<rom name="tse_04.1b" size="65536" crc="d0c8ec75" sha1="04138c75ca3939604100b7e9fb451f7fceee67ca" region="maincpu" offset="1"/>
		<rom name="tse_03.2a" size="65536" crc="b2ac0a45" sha1="d0933e74870efa9ea703251b30a56ef706ac24fe" region="maincpu" offset="20000"/>
		<rom name="tse_05.2b" size="65536" crc="a79cb406" sha1="50eada2f3e80c28dcb5529890d9b279c73f0115a" region="maincpu" offset="20001"/>
		<rom name="ts_01b.4e" size="32768" crc="a9a6cafa" sha1="55e0a0e6ca11e8e73339d5b4604e130031211291" region="audiocpu" offset="0"/>
		<rom name="c8751h-88" size="4096" status="nodump" region="mcu" offset="0"/>
		<rom name="tsu_08.8l" size="32768" crc="9bf0b7a2" sha1="1361335c3c2c8a9c6a7d99566048d8aac99e7c8f" region="gfx1" offset="0"/>
		<rom name="tsu_07.5l" size="32768" crc="9469efa4" sha1="53c70361e8d9e54825f61b87a10df42438aaf5b0" region="gfx2" offset="0"/>
		<rom name="tsu_06.4l" size="32768" crc="40bf0eb4" sha1="fcb186c31747e2c9872de01e34b3e713dc74df82" region="gfx2" offset="8000"/>
		<rom name="ts_12.17f" size="32768" crc="e4b4619e" sha1="3bec8399ffb28fd50ce6ae88d90b091eadf8bda1" region="gfx3" offset="0"/>
		<rom name="ts_11.15f" size="32768" crc="ab30237a" sha1="ea6c07df992ba48f9eca7daa4ea775faa94358d2" region="gfx3" offset="8000"/>
		<rom name="ts_17.17g" size="32768" crc="deb657e4" sha1="b36b468f9bbb7a4937286230d3f6caa14c61d4dd" region="gfx3" offset="10000"/>
		<rom name="ts_16.15g" size="32768" crc="d363b5f9" sha1="1dd3991d99db2d6bcbdb12879ba50a01fef95004" region="gfx3" offset="18000"/>
		<rom name="ts_13.18f" size="32768" crc="a8f5a004" sha1="36ab0cb8ec9ce0519876f7461ccc5020c9c5b597" region="gfx3" offset="20000"/>
		<rom name="ts_18.18g" size="32768" crc="3b36948c" sha1="d85fcc0265ba1729c587b046cc5a7ba6f25363dd" region="gfx3" offset="28000"/>
		<rom name="ts_23.18j" size="32768" crc="bbfbe58a" sha1="9b1d5672b6f3c5c0952f8dcd0da71acc68a97a5e" region="gfx3" offset="30000"/>
		<rom name="ts_24.18k" size="32768" crc="f156e564" sha1="a6cad05bcc6d9ded6294f9b5aa856d05641aed02" region="gfx3" offset="38000"/>
		<rom name="tse_10.13f" size="32768" crc="d28eeacc" sha1="8b4a655a48da276b07f3464c65743b13cec52bcb" region="gfx4" offset="0"/>
		<rom name="tsu_09.11f" size="32768" crc="6a049292" sha1="525c862061f426d679b539b6926af4c9f14b47b5" region="gfx4" offset="8000"/>
		<rom name="tse_15.13g" size="32768" crc="9b5593c0" sha1="73c0acbb01fe69c2bd29dea11b6a223c8efb54a0" region="gfx4" offset="10000"/>
		<rom name="tsu_14.11g" size="32768" crc="46b2ad83" sha1="21ebd5691a544323fdfcf330b9a37bbe0428e3e3" region="gfx4" offset="18000"/>
		<rom name="tse_20.13j" size="32768" crc="b03db778" sha1="f72a93e73196c800c1893fd3b523394d702547dd" region="gfx4" offset="20000"/>
		<rom name="tsu_19.11j" size="32768" crc="b5c82722" sha1="969f9159f7d59e4e4c9ef9ddbdc27cbfa531eabf" region="gfx4" offset="28000"/>
		<rom name="tse_22.17j" size="32768" crc="d4dedeb3" sha1="e121057bb541f3f5c755963ca22832c3fe2637c0" region="gfx4" offset="30000"/>
		<rom name="tsu_21.15j" size="32768" crc="98777006" sha1="bcc2058b639e9b71d16af05f63df298bcce91fdc" region="gfx4" offset="38000"/>
		<rom name="63s141.18f" size="256" crc="b58d0023" sha1="e8a4a2e2951bf73b3d9eed6957e9ee1e61c9c58a" region="proms" offset="0"/>
		<device_ref name="m68000"/>
		<device_ref name="timer"/>
		<device_ref name="z80"/>
		<device_ref name="screen"/>
		<device_ref name="gfxdecode"/>
		<device_ref name="tigeroad_spr"/>
		<device_ref name="palette"/>
		<device_ref name="buffered_spriteram16"/>
		<device_ref name="speaker"/>
		<device_ref name="generic_latch_8"/>
		<device_ref name="ym2151"/>
		<chip type="cpu" tag="maincpu" name="M68000" clock="12000000"/>
		<chip type="cpu" tag="audiocpu" name="Z80" clock="3579545"/>
		<chip type="audio" tag="mono" name="Speaker"/>
		<chip type="audio" tag="ymsnd" name="Yamaha YM2151 OPM" clock="3579545"/>
		<display tag="screen" type="raster" rotate="0" width="256" height="224" refresh="59.784775" pixclock="6000000" htotal="386" hbend="0" hbstart="256" vtotal="260" vbend="16" vbstart="240" />
		<sound channels="1"/>
		<input players="2" coins="2">
			<control type="joy" player="1" buttons="2" ways="8"/>
			<control type="joy" player="2" buttons="2" ways="8"/>
		</input>
		<dipswitch name="Coin A" tag="DSW" mask="7">
			<diplocation name="SWB" number="1"/>
			<diplocation name="SWB" number="2"/>
			<diplocation name="SWB" number="3"/>
			<dipvalue name="4 Coins/1 Credit" value="0"/>
			<dipvalue name="3 Coins/1 Credit" value="1"/>
			<dipvalue name="2 Coins/1 Credit" value="2"/>
			<dipvalue name="1 Coin/1 Credit" value="7" default="yes"/>
			<dipvalue name="1 Coin/2 Credits" value="6"/>
			<dipvalue name="1 Coin/3 Credits" value="5"/>
			<dipvalue name="1 Coin/4 Credits" value="4"/>
			<dipvalue name="1 Coin/6 Credits" value="3"/>
		</dipswitch>
		<dipswitch name="Coin B" tag="DSW" mask="56">
			<diplocation name="SWB" number="4"/>
			<diplocation name="SWB" number="5"/>
			<diplocation name="SWB" number="6"/>
			<dipvalue name="4 Coins/1 Credit" value="0"/>
			<dipvalue name="3 Coins/1 Credit" value="8"/>
			<dipvalue name="2 Coins/1 Credit" value="16"/>
			<dipvalue name="1 Coin/1 Credit" value="56" default="yes"/>
			<dipvalue name="1 Coin/2 Credits" value="48"/>
			<dipvalue name="1 Coin/3 Credits" value="40"/>
			<dipvalue name="1 Coin/4 Credits" value="32"/>
			<dipvalue name="1 Coin/6 Credits" value="24"/>
		</dipswitch>
		<dipswitch name="Service Mode" tag="DSW" mask="64">
			<diplocation name="SWB" number="7"/>
			<dipvalue name="Off" value="64" default="yes"/>
			<dipvalue name="On" value="0"/>
		</dipswitch>
		<dipswitch name="Flip Screen" tag="DSW" mask="128">
			<diplocation name="SWB" number="8"/>
			<dipvalue name="Off" value="128" default="yes"/>
			<dipvalue name="On" value="0"/>
		</dipswitch>
		<dipswitch name="Lives" tag="DSW" mask="768">
			<diplocation name="SWA" number="1"/>
			<diplocation name="SWA" number="2"/>
			<dipvalue name="3" value="768" default="yes"/>
			<dipvalue name="4" value="512"/>
			<dipvalue name="5" value="256"/>
			<dipvalue name="7" value="0"/>
		</dipswitch>
		<dipswitch name="Cabinet" tag="DSW" mask="1024">
			<diplocation name="SWA" number="3"/>
			<dipvalue name="Upright" value="1024" default="yes"/>
			<dipvalue name="Cocktail" value="0"/>
		</dipswitch>
		<dipswitch name="Bonus Life" tag="DSW" mask="6144">
			<diplocation name="SWA" number="4"/>
			<diplocation name="SWA" number="5"/>
			<dipvalue name="20k 40k 100k 60k+" value="6144" default="yes"/>
			<dipvalue name="30k 50k 120k 70k+" value="4096"/>
			<dipvalue name="20k 60k" value="2048"/>
			<dipvalue name="30k 70k" value="0"/>
		</dipswitch>
		<dipswitch name="Difficulty" tag="DSW" mask="24576">
			<diplocation name="SWA" number="6"/>
			<diplocation name="SWA" number="7"/>
			<dipvalue name="Easy" value="16384" default="yes"/>
			<dipvalue name="Medium" value="24576"/>
			<dipvalue name="Hard" value="8192"/>
			<dipvalue name="Hardest" value="0"/>
		</dipswitch>
		<dipswitch name="Freeze" tag="DSW" mask="32768">
			<diplocation name="SWA" number="8"/>
			<dipvalue name="Off" value="32768" default="yes"/>
			<dipvalue name="On" value="0"/>
		</dipswitch>
		<port tag=":DSW">
		</port>
		<port tag=":P1">
		</port>
		<port tag=":P2">
		</port>
		<port tag=":SYSTEM">
		</port>
		<driver status="good" emulation="good" savestate="supported"/>
	</machine>
	<machine name="bionicc1" sourcefile="bionicc.cpp" cloneof="bionicc" romof="bionicc">
		<description>Bionic Commando (US set 1)</description>
		<year>1987</year>
		<manufacturer>Capcom</manufacturer>
		<rom name="tsu_02b.1a" size="65536" crc="cf965a0a" sha1="ab88742a3225a0b82ee2dfef6ed0058d3e11c38c" region="maincpu" offset="0"/>
		<rom name="tsu_04b.1b" size="65536" crc="c9884bfb" sha1="7d10cedff0a62847f8deb61a9611cc6661efb037" region="maincpu" offset="1"/>
		<rom name="tsu_03b.2a" size="65536" crc="4e157ae2" sha1="cc02931376d22a7fcfc320e6fd4129e03a461a49" region="maincpu" offset="20000"/>
		<rom name="tsu_05b.2b" size="65536" crc="e66ca0f9" sha1="a503badf2fed38786d38c313d1dc315f3175d6de" region="maincpu" offset="20001"/>
		<rom name="ts_01b.4e" merge="ts_01b.4e" size="32768" crc="a9a6cafa" sha1="55e0a0e6ca11e8e73339d5b4604e130031211291" region="audiocpu" offset="0"/>
		<rom name="c8751h-88" size="4096" status="nodump" region="mcu" offset="0"/>
		<rom name="tsu_08.8l" merge="tsu_08.8l" size="32768" crc="9bf0b7a2" sha1="1361335c3c2c8a9c6a7d99566048d8aac99e7c8f" region="gfx1" offset="0"/>
		<rom name="tsu_07.5l" merge="tsu_07.5l" size="32768" crc="9469efa4" sha1="53c70361e8d9e54825f61b87a10df42438aaf5b0" region="gfx2" offset="0"/>
		<rom name="tsu_06.4l" merge="tsu_06.4l" size="32768" crc="40bf0eb4" sha1="fcb186c31747e2c9872de01e34b3e713dc74df82" region="gfx2" offset="8000"/>
		<rom name="ts_12.17f" merge="ts_12.17f" size="32768" crc="e4b4619e" sha1="3bec8399ffb28fd50ce6ae88d90b091eadf8bda1" region="gfx3" offset="0"/>
		<rom name="ts_11.15f" merge="ts_11.15f" size="32768" crc="ab30237a" sha1="ea6c07df992ba48f9eca7daa4ea775faa94358d2" region="gfx3" offset="8000"/>
		<rom name="ts_17.17g" merge="ts_17.17g" size="32768" crc="deb657e4" sha1="b36b468f9bbb7a4937286230d3f6caa14c61d4dd" region="gfx3" offset="10000"/>
		<rom name="ts_16.15g" merge="ts_16.15g" size="32768" crc="d363b5f9" sha1="1dd3991d99db2d6bcbdb12879ba50a01fef95004" region="gfx3" offset="18000"/>
		<rom name="ts_13.18f" merge="ts_13.18f" size="32768" crc="a8f5a004" sha1="36ab0cb8ec9ce0519876f7461ccc5020c9c5b597" region="gfx3" offset="20000"/>
		<rom name="ts_18.18g" merge="ts_18.18g" size="32768" crc="3b36948c" sha1="d85fcc0265ba1729c587b046cc5a7ba6f25363dd" region="gfx3" offset="28000"/>
		<rom name="ts_23.18j" merge="ts_23.18j" size="32768" crc="bbfbe58a" sha1="9b1d5672b6f3c5c0952f8dcd0da71acc68a97a5e" region="gfx3" offset="30000"/>
		<rom name="ts_24.18k" merge="ts_24.18k" size="32768" crc="f156e564" sha1="a6cad05bcc6d9ded6294f9b5aa856d05641aed02" region="gfx3" offset="38000"/>
		<rom name="tsu_10.13f" size="32768" crc="f1180d02" sha1="312626af48235a1f726ab596f296ef4739785ca0" region="gfx4" offset="0"/>
		<rom name="tsu_09.11f" merge="tsu_09.11f" size="32768" crc="6a049292" sha1="525c862061f426d679b539b6926af4c9f14b47b5" region="gfx4" offset="8000"/>
		<rom name="tsu_15.13g" size="32768" crc="ea912701" sha1="106336c63a1c8a0b13236268bc533a8263285cad" region="gfx4" offset="10000"/>
		<rom name="tsu_14.11g" merge="tsu_14.11g" size="32768" crc="46b2ad83" sha1="21ebd5691a544323fdfcf330b9a37bbe0428e3e3" region="gfx4" offset="18000"/>
		<rom name="tsu_20.13j" size="32768" crc="17857ad2" sha1="9f45cea6e9ce82bfc9ee6896a30257d20fb38bca" region="gfx4" offset="20000"/>
		<rom name="tsu_19.11j" merge="tsu_19.11j" size="32768" crc="b5c82722" sha1="969f9159f7d59e4e4c9ef9ddbdc27cbfa531eabf" region="gfx4" offset="28000"/>
		<rom name="tsu_22.17j" size="32768" crc="5ee1ae6a" sha1="76ca53d847c940c4176d79ba49b0c10efd6342e8" region="gfx4" offset="30000"/>
		<rom name="tsu_21.15j" merge="tsu_21.15j" size="32768" crc="98777006" sha1="bcc2058b639e9b71d16af05f63df298bcce91fdc" region="gfx4" offset="38000"/>
		<rom name="63s141.18f" merge="63s141.18f" size="256" crc="b58d0023" sha1="e8a4a2e2951bf73b3d9eed6957e9ee1e61c9c58a" region="proms" offset="0"/>
		<device_ref name="m68000"/>
		<device_ref name="timer"/>
		<device_ref name="z80"/>
		<device_ref name="screen"/>
		<device_ref name="gfxdecode"/>
		<device_ref name="tigeroad_spr"/>
		<device_ref name="palette"/>
		<device_ref name="buffered_spriteram16"/>
		<device_ref name="speaker"/>
		<device_ref name="generic_latch_8"/>
		<device_ref name="ym2151"/>
		<chip type="cpu" tag="maincpu" name="M68000" clock="12000000"/>
		<chip type="cpu" tag="audiocpu" name="Z80" clock="3579545"/>
		<chip type="audio" tag="mono" name="Speaker"/>
		<chip type="audio" tag="ymsnd" name="Yamaha YM2151 OPM" clock="3579545"/>
		<display tag="screen" type="raster" rotate="0" width="256" height="224" refresh="59.784775" pixclock="6000000" htotal="386" hbend="0" hbstart="256" vtotal="260" vbend="16" vbstart="240" />
		<sound channels="1"/>
		<input players="2" coins="2">
			<control type="joy" player="1" buttons="2" ways="8"/>
			<control type="joy" player="2" buttons="2" ways="8"/>
		</input>
		<dipswitch name="Coin A" tag="DSW" mask="7">
			<diplocation name="SWB" number="1"/>
			<diplocation name="SWB" number="2"/>
			<diplocation name="SWB" number="3"/>
			<dipvalue name="4 Coins/1 Credit" value="0"/>
			<dipvalue name="3 Coins/1 Credit" value="1"/>
			<dipvalue name="2 Coins/1 Credit" value="2"/>
			<dipvalue name="1 Coin/1 Credit" value="7" default="yes"/>
			<dipvalue name="1 Coin/2 Credits" value="6"/>
			<dipvalue name="1 Coin/3 Credits" value="5"/>
			<dipvalue name="1 Coin/4 Credits" value="4"/>
			<dipvalue name="1 Coin/6 Credits" value="3"/>
		</dipswitch>
		<dipswitch name="Coin B" tag="DSW" mask="56">
			<diplocation name="SWB" number="4"/>
			<diplocation name="SWB" number="5"/>
			<diplocation name="SWB" number="6"/>
			<dipvalue name="4 Coins/1 Credit" value="0"/>
			<dipvalue name="3 Coins/1 Credit" value="8"/>
			<dipvalue name="2 Coins/1 Credit" value="16"/>
			<dipvalue name="1 Coin/1 Credit" value="56" default="yes"/>
			<dipvalue name="1 Coin/2 Credits" value="48"/>
			<dipvalue name="1 Coin/3 Credits" value="40"/>
			<dipvalue name="1 Coin/4 Credits" value="32"/>
			<dipvalue name="1 Coin/6 Credits" value="24"/>
		</dipswitch>
		<dipswitch name="Service Mode" tag="DSW" mask="64">
			<diplocation name="SWB" number="7"/>
			<dipvalue name="Off" value="64" default="yes"/>
			<dipvalue name="On" value="0"/>
		</dipswitch>
		<dipswitch name="Flip Screen" tag="DSW" mask="128">
			<diplocation name="SWB" number="8"/>
			<dipvalue name="Off" value="128" default="yes"/>
			<dipvalue name="On" value="0"/>
		</dipswitch>
		<dipswitch name="Lives" tag="DSW" mask="768">
			<diplocation name="SWA" number="1"/>
			<diplocation name="SWA" number="2"/>
			<dipvalue name="3" value="768" default="yes"/>
			<dipvalue name="4" value="512"/>
			<dipvalue name="5" value="256"/>
			<dipvalue name="7" value="0"/>
		</dipswitch>
		<dipswitch name="Cabinet" tag="DSW" mask="1024">
			<diplocation name="SWA" number="3"/>
			<dipvalue name="Upright" value="1024" default="yes"/>
			<dipvalue name="Cocktail" value="0"/>
		</dipswitch>
		<dipswitch name="Bonus Life" tag="DSW" mask="6144">
			<diplocation name="SWA" number="4"/>
			<diplocation name="SWA" number="5"/>
			<dipvalue name="20k 40k 100k 60k+" value="6144" default="yes"/>
			<dipvalue name="30k 50k 120k 70k+" value="4096"/>
			<dipvalue name="20k 60k" value="2048"/>
			<dipvalue name="30k 70k" value="0"/>
		</dipswitch>
		<dipswitch name="Difficulty" tag="DSW" mask="24576">
			<diplocation name="SWA" number="6"/>
			<diplocation name="SWA" number="7"/>
			<dipvalue name="Easy" value="16384" default="yes"/>
			<dipvalue name="Medium" value="24576"/>
			<dipvalue name="Hard" value="8192"/>
			<dipvalue name="Hardest" value="0"/>
		</dipswitch>
		<dipswitch name="Freeze" tag="DSW" mask="32768">
			<diplocation name="SWA" number="8"/>
			<dipvalue name="Off" value="32768" default="yes"/>
			<dipvalue name="On" value="0"/>
		</dipswitch>
		<port tag=":DSW">
		</port>
		<port tag=":P1">
		</port>
		<port tag=":P2">
		</port>
		<port tag=":SYSTEM">
		</port>
		<driver status="good" emulation="good" savestate="supported"/>
	</machine>
	<machine name="bionicc2" sourcefile="bionicc.cpp" cloneof="bionicc" romof="bionicc">
		<description>Bionic Commando (US set 2)</description>
		<year>1987</year>
		<manufacturer>Capcom</manufacturer>
		<rom name="tsu_02.1a" size="65536" crc="f2528f08" sha1="04c793837c86d83312fd44b46a6a94378c90113b" region="maincpu" offset="0"/>
		<rom name="tsu_04.1b" size="65536" crc="38b1c7e4" sha1="14bf743726c214bd00177e7b410c272dd7ab3d3f" region="maincpu" offset="1"/>
		<rom name="tsu_03.2a" size="65536" crc="72c3b76f" sha1="f7f71eae7617e3348b727775088b496e86d51e38" region="maincpu" offset="20000"/>
		<rom name="tsu_05.2b" size="65536" crc="70621f83" sha1="0a77c2827a5c50457d90ccc62e463508d83d2f20" region="maincpu" offset="20001"/>
		<rom name="ts_01b.4e" merge="ts_01b.4e" size="32768" crc="a9a6cafa" sha1="55e0a0e6ca11e8e73339d5b4604e130031211291" region="audiocpu" offset="0"/>
		<rom name="c8751h-88" size="4096" status="nodump" region="mcu" offset="0"/>
		<rom name="tsu_08.8l" merge="tsu_08.8l" size="32768" crc="9bf0b7a2" sha1="1361335c3c2c8a9c6a7d99566048d8aac99e7c8f" region="gfx1" offset="0"/>
		<rom name="tsu_07.5l" merge="tsu_07.5l" size="32768" crc="9469efa4" sha1="53c70361e8d9e54825f61b87a10df42438aaf5b0" region="gfx2" offset="0"/>
		<rom name="tsu_06.4l" merge="tsu_06.4l" size="32768" crc="40bf0eb4" sha1="fcb186c31747e2c9872de01e34b3e713dc74df82" region="gfx2" offset="8000"/>
		<rom name="ts_12.17f" merge="ts_12.17f" size="32768" crc="e4b4619e" sha1="3bec8399ffb28fd50ce6ae88d90b091eadf8bda1" region="gfx3" offset="0"/>
		<rom name="ts_11.15f" merge="ts_11.15f" size="32768" crc="ab30237a" sha1="ea6c07df992ba48f9eca7daa4ea775faa94358d2" region="gfx3" offset="8000"/>
		<rom name="ts_17.17g" merge="ts_17.17g" size="32768" crc="deb657e4" sha1="b36b468f9bbb7a4937286230d3f6caa14c61d4dd" region="gfx3" offset="10000"/>
		<rom name="ts_16.15g" merge="ts_16.15g" size="32768" crc="d363b5f9" sha1="1dd3991d99db2d6bcbdb12879ba50a01fef95004" region="gfx3" offset="18000"/>
		<rom name="ts_13.18f" merge="ts_13.18f" size="32768" crc="a8f5a004" sha1="36ab0cb8ec9ce0519876f7461ccc5020c9c5b597" region="gfx3" offset="20000"/>
		<rom name="ts_18.18g" merge="ts_18.18g" size="32768" crc="3b36948c" sha1="d85fcc0265ba1729c587b046cc5a7ba6f25363dd" region="gfx3" offset="28000"/>
		<rom name="ts_23.18j" merge="ts_23.18j" size="32768" crc="bbfbe58a" sha1="9b1d5672b6f3c5c0952f8dcd0da71acc68a97a5e" region="gfx3" offset="30000"/>
		<rom name="ts_24.18k" merge="ts_24.18k" size="32768" crc="f156e564" sha1="a6cad05bcc6d9ded6294f9b5aa856d05641aed02" region="gfx3" offset="38000"/>
		<rom name="tsu_10.13f" size="32768" crc="f1180d02" sha1="312626af48235a1f726ab596f296ef4739785ca0" region="gfx4" offset="0"/>
		<rom name="tsu_09.11f" merge="tsu_09.11f" size="32768" crc="6a049292" sha1="525c862061f426d679b539b6926af4c9f14b47b5" region="gfx4" offset="8000"/>
		<rom name="tsu_15.13g" size="32768" crc="ea912701" sha1="106336c63a1c8a0b13236268bc533a8263285cad" region="gfx4" offset="10000"/>
		<rom name="tsu_14.11g" merge="tsu_14.11g" size="32768" crc="46b2ad83" sha1="21ebd5691a544323fdfcf330b9a37bbe0428e3e3" region="gfx4" offset="18000"/>
		<rom name="tsu_20.13j" size="32768" crc="17857ad2" sha1="9f45cea6e9ce82bfc9ee6896a30257d20fb38bca" region="gfx4" offset="20000"/>
		<rom name="tsu_19.11j" merge="tsu_19.11j" size="32768" crc="b5c82722" sha1="969f9159f7d59e4e4c9ef9ddbdc27cbfa531eabf" region="gfx4" offset="28000"/>
		<rom name="tsu_22.17j" size="32768" crc="5ee1ae6a" sha1="76ca53d847c940c4176d79ba49b0c10efd6342e8" region="gfx4" offset="30000"/>
		<rom name="tsu_21.15j" merge="tsu_21.15j" size="32768" crc="98777006" sha1="bcc2058b639e9b71d16af05f63df298bcce91fdc" region="gfx4" offset="38000"/>
		<rom name="63s141.18f" merge="63s141.18f" size="256" crc="b58d0023" sha1="e8a4a2e2951bf73b3d9eed6957e9ee1e61c9c58a" region="proms" offset="0"/>
		<device_ref name="m68000"/>
		<device_ref name="timer"/>
		<device_ref name="z80"/>
		<device_ref name="screen"/>
		<device_ref name="gfxdecode"/>
		<device_ref name="tigeroad_spr"/>
		<device_ref name="palette"/>
		<device_ref name="buffered_spriteram16"/>
		<device_ref name="speaker"/>
		<device_ref name="generic_latch_8"/>
		<device_ref name="ym2151"/>
		<chip type="cpu" tag="maincpu" name="M68000" clock="12000000"/>
		<chip type="cpu" tag="audiocpu" name="Z80" clock="3579545"/>
		<chip type="audio" tag="mono" name="Speaker"/>
		<chip type="audio" tag="ymsnd" name="Yamaha YM2151 OPM" clock="3579545"/>
		<display tag="screen" type="raster" rotate="0" width="256" height="224" refresh="59.784775" pixclock="6000000" htotal="386" hbend="0" hbstart="256" vtotal="260" vbend="16" vbstart="240" />
		<sound channels="1"/>
		<input players="2" coins="2">
			<control type="joy" player="1" buttons="2" ways="8"/>
			<control type="joy" player="2" buttons="2" ways="8"/>
		</input>
		<dipswitch name="Coin A" tag="DSW" mask="7">
			<diplocation name="SWB" number="1"/>
			<diplocation name="SWB" number="2"/>
			<diplocation name="SWB" number="3"/>
			<dipvalue name="4 Coins/1 Credit" value="0"/>
			<dipvalue name="3 Coins/1 Credit" value="1"/>
			<dipvalue name="2 Coins/1 Credit" value="2"/>
			<dipvalue name="1 Coin/1 Credit" value="7" default="yes"/>
			<dipvalue name="1 Coin/2 Credits" value="6"/>
			<dipvalue name="1 Coin/3 Credits" value="5"/>
			<dipvalue name="1 Coin/4 Credits" value="4"/>
			<dipvalue name="1 Coin/6 Credits" value="3"/>
		</dipswitch>
		<dipswitch name="Coin B" tag="DSW" mask="56">
			<diplocation name="SWB" number="4"/>
			<diplocation name="SWB" number="5"/>
			<diplocation name="SWB" number="6"/>
			<dipvalue name="4 Coins/1 Credit" value="0"/>
			<dipvalue name="3 Coins/1 Credit" value="8"/>
			<dipvalue name="2 Coins/1 Credit" value="16"/>
			<dipvalue name="1 Coin/1 Credit" value="56" default="yes"/>
			<dipvalue name="1 Coin/2 Credits" value="48"/>
			<dipvalue name="1 Coin/3 Credits" value="40"/>
			<dipvalue name="1 Coin/4 Credits" value="32"/>
			<dipvalue name="1 Coin/6 Credits" value="24"/>
		</dipswitch>
		<dipswitch name="Service Mode" tag="DSW" mask="64">
			<diplocation name="SWB" number="7"/>
			<dipvalue name="Off" value="64" default="yes"/>
			<dipvalue name="On" value="0"/>
		</dipswitch>
		<dipswitch name="Flip Screen" tag="DSW" mask="128">
			<diplocation name="SWB" number="8"/>
			<dipvalue name="Off" value="128" default="yes"/>
			<dipvalue name="On" value="0"/>
		</dipswitch>
		<dipswitch name="Lives" tag="DSW" mask="768">
			<diplocation name="SWA" number="1"/>
			<diplocation name="SWA" number="2"/>
			<dipvalue name="3" value="768" default="yes"/>
			<dipvalue name="4" value="512"/>
			<dipvalue name="5" value="256"/>
			<dipvalue name="7" value="0"/>
		</dipswitch>
		<dipswitch name="Cabinet" tag="DSW" mask="1024">
			<diplocation name="SWA" number="3"/>
			<dipvalue name="Upright" value="1024" default="yes"/>
			<dipvalue name="Cocktail" value="0"/>
		</dipswitch>
		<dipswitch name="Bonus Life" tag="DSW" mask="6144">
			<diplocation name="SWA" number="4"/>
			<diplocation name="SWA" number="5"/>
			<dipvalue name="20k 40k 100k 60k+" value="6144" default="yes"/>
			<dipvalue name="30k 50k 120k 70k+" value="4096"/>
			<dipvalue name="20k 60k" value="2048"/>
			<dipvalue name="30k 70k" value="0"/>
		</dipswitch>
		<dipswitch name="Difficulty" tag="DSW" mask="24576">
			<diplocation name="SWA" number="6"/>
			<diplocation name="SWA" number="7"/>
			<dipvalue name="Easy" value="16384" default="yes"/>
			<dipvalue name="Medium" value="24576"/>
			<dipvalue name="Hard" value="8192"/>
			<dipvalue name="Hardest" value="0"/>
		</dipswitch>
		<dipswitch name="Freeze" tag="DSW" mask="32768">
			<diplocation name="SWA" number="8"/>
			<dipvalue name="Off" value="32768" default="yes"/>
			<dipvalue name="On" value="0"/>
		</dipswitch>
		<port tag=":DSW">
		</port>
		<port tag=":P1">
		</port>
		<port tag=":P2">
		</port>
		<port tag=":SYSTEM">
		</port>
		<driver status="good" emulation="good" savestate="supported"/>
	</machine>
	<machine name="bioniccbl" sourcefile="bionicc.cpp" cloneof="bionicc" romof="bionicc">
		<description>Bionic Commandos (bootleg, set 1)</description>
		<year>1987</year>
		<manufacturer>bootleg</manufacturer>
		<rom name="02l.bin" size="65536" crc="b2fe1ddb" sha1="892f19124993add96edabdba3aafeecc6668c5d9" region="maincpu" offset="0"/>
		<rom name="03l.bin" size="65536" crc="427a003d" sha1="5a379fe2942e5565810939d5eb843003226222cc" region="maincpu" offset="1"/>
		<rom name="02u.bin" size="65536" crc="27f04bb6" sha1="41d17b84b34dc8b2e5dfa67794a8df3e898b740b" region="maincpu" offset="20000"/>
		<rom name="03u.bin" size="65536" crc="c01547b1" sha1="563bf6be4f10f5e6eb5b562266accf168f62bf30" region="maincpu" offset="20001"/>
		<rom name="01.bin" size="32768" crc="8ea07917" sha1="e9ace70d89482fc3669860450a41aacacbee9083" region="audiocpu" offset="0"/>
		<rom name="c8751h-88" size="4096" status="nodump" region="mcu" offset="0"/>
		<rom name="06.bin" size="16384" crc="4e6b81d9" sha1="052784d789b0c9193edf218fa1883b6e3b7df988" region="gfx1" offset="0"/>
		<rom name="05.bin" size="32768" crc="9bf8dc7f" sha1="539a52087ed1f58839b6aa8c0b5ed249f4f4041e" region="gfx2" offset="0"/>
		<rom name="04.bin" size="32768" crc="1b43bf63" sha1="b80d675a07cebd83daf202d1c3d3f7c2dedf5c30" region="gfx2" offset="8000"/>
		<rom name="ts_12.17f" merge="ts_12.17f" size="32768" crc="e4b4619e" sha1="3bec8399ffb28fd50ce6ae88d90b091eadf8bda1" region="gfx3" offset="0"/>
		<rom name="ts_11.15f" merge="ts_11.15f" size="32768" crc="ab30237a" sha1="ea6c07df992ba48f9eca7daa4ea775faa94358d2" region="gfx3" offset="8000"/>
		<rom name="ts_17.17g" merge="ts_17.17g" size="32768" crc="deb657e4" sha1="b36b468f9bbb7a4937286230d3f6caa14c61d4dd" region="gfx3" offset="10000"/>
		<rom name="ts_16.15g" merge="ts_16.15g" size="32768" crc="d363b5f9" sha1="1dd3991d99db2d6bcbdb12879ba50a01fef95004" region="gfx3" offset="18000"/>
		<rom name="ts_13.18f" merge="ts_13.18f" size="32768" crc="a8f5a004" sha1="36ab0cb8ec9ce0519876f7461ccc5020c9c5b597" region="gfx3" offset="20000"/>
		<rom name="ts_18.18g" merge="ts_18.18g" size="32768" crc="3b36948c" sha1="d85fcc0265ba1729c587b046cc5a7ba6f25363dd" region="gfx3" offset="28000"/>
		<rom name="ts_23.18j" merge="ts_23.18j" size="32768" crc="bbfbe58a" sha1="9b1d5672b6f3c5c0952f8dcd0da71acc68a97a5e" region="gfx3" offset="30000"/>
		<rom name="ts_24.18k" merge="ts_24.18k" size="32768" crc="f156e564" sha1="a6cad05bcc6d9ded6294f9b5aa856d05641aed02" region="gfx3" offset="38000"/>
		<rom name="07.bin" size="65536" crc="a0e78996" sha1="810a54e657c0faaff6a8494acaf803d1d2151893" region="gfx4" offset="0"/>
		<rom name="11.bin" size="65536" crc="37cb11c2" sha1="af8c2ae4bb6e6c13ea3e8b7c96e5b18f1eb1d5a5" region="gfx4" offset="10000"/>
		<rom name="15.bin" size="65536" crc="4e0354ce" sha1="d3256c891b44c6593b0b44c0d0a3e754ce78c1cb" region="gfx4" offset="20000"/>
		<rom name="16.bin" size="65536" crc="ac89e5cc" sha1="aa7e065ece6d25b7e83fadcd22c09e1f7dc0b86f" region="gfx4" offset="30000"/>
		<rom name="63s141.18f" merge="63s141.18f" size="256" crc="b58d0023" sha1="e8a4a2e2951bf73b3d9eed6957e9ee1e61c9c58a" region="proms" offset="0"/>
		<device_ref name="m68000"/>
		<device_ref name="timer"/>
		<device_ref name="z80"/>
		<device_ref name="screen"/>
		<device_ref name="gfxdecode"/>
		<device_ref name="tigeroad_spr"/>
		<device_ref name="palette"/>
		<device_ref name="buffered_spriteram16"/>
		<device_ref name="speaker"/>
		<device_ref name="generic_latch_8"/>
		<device_ref name="ym2151"/>
		<chip type="cpu" tag="maincpu" name="M68000" clock="12000000"/>
		<chip type="cpu" tag="audiocpu" name="Z80" clock="3579545"/>
		<chip type="audio" tag="mono" name="Speaker"/>
		<chip type="audio" tag="ymsnd" name="Yamaha YM2151 OPM" clock="3579545"/>
		<display tag="screen" type="raster" rotate="0" width="256" height="224" refresh="59.784775" pixclock="6000000" htotal="386" hbend="0" hbstart="256" vtotal="260" vbend="16" vbstart="240" />
		<sound channels="1"/>
		<input players="2" coins="2">
			<control type="joy" player="1" buttons="2" ways="8"/>
			<control type="joy" player="2" buttons="2" ways="8"/>
		</input>
		<dipswitch name="Coin A" tag="DSW" mask="7">
			<diplocation name="SWB" number="1"/>
			<diplocation name="SWB" number="2"/>
			<diplocation name="SWB" number="3"/>
			<dipvalue name="4 Coins/1 Credit" value="0"/>
			<dipvalue name="3 Coins/1 Credit" value="1"/>
			<dipvalue name="2 Coins/1 Credit" value="2"/>
			<dipvalue name="1 Coin/1 Credit" value="7" default="yes"/>
			<dipvalue name="1 Coin/2 Credits" value="6"/>
			<dipvalue name="1 Coin/3 Credits" value="5"/>
			<dipvalue name="1 Coin/4 Credits" value="4"/>
			<dipvalue name="1 Coin/6 Credits" value="3"/>
		</dipswitch>
		<dipswitch name="Coin B" tag="DSW" mask="56">
			<diplocation name="SWB" number="4"/>
			<diplocation name="SWB" number="5"/>
			<diplocation name="SWB" number="6"/>
			<dipvalue name="4 Coins/1 Credit" value="0"/>
			<dipvalue name="3 Coins/1 Credit" value="8"/>
			<dipvalue name="2 Coins/1 Credit" value="16"/>
			<dipvalue name="1 Coin/1 Credit" value="56" default="yes"/>
			<dipvalue name="1 Coin/2 Credits" value="48"/>
			<dipvalue name="1 Coin/3 Credits" value="40"/>
			<dipvalue name="1 Coin/4 Credits" value="32"/>
			<dipvalue name="1 Coin/6 Credits" value="24"/>
		</dipswitch>
		<dipswitch name="Service Mode" tag="DSW" mask="64">
			<diplocation name="SWB" number="7"/>
			<dipvalue name="Off" value="64" default="yes"/>
			<dipvalue name="On" value="0"/>
		</dipswitch>
		<dipswitch name="Flip Screen" tag="DSW" mask="128">
			<diplocation name="SWB" number="8"/>
			<dipvalue name="Off" value="128" default="yes"/>
			<dipvalue name="On" value="0"/>
		</dipswitch>
		<dipswitch name="Lives" tag="DSW" mask="768">
			<diplocation name="SWA" number="1"/>
			<diplocation name="SWA" number="2"/>
			<dipvalue name="3" value="768" default="yes"/>
			<dipvalue name="4" value="512"/>
			<dipvalue name="5" value="256"/>
			<dipvalue name="7" value="0"/>
		</dipswitch>
		<dipswitch name="Cabinet" tag="DSW" mask="1024">
			<diplocation name="SWA" number="3"/>
			<dipvalue name="Upright" value="1024" default="yes"/>
			<dipvalue name="Cocktail" value="0"/>
		</dipswitch>
		<dipswitch name="Bonus Life" tag="DSW" mask="6144">
			<diplocation name="SWA" number="4"/>
			<diplocation name="SWA" number="5"/>
			<dipvalue name="20k 40k 100k 60k+" value="6144" default="yes"/>
			<dipvalue name="30k 50k 120k 70k+" value="4096"/>
			<dipvalue name="20k 60k" value="2048"/>
			<dipvalue name="30k 70k" value="0"/>
		</dipswitch>
		<dipswitch name="Difficulty" tag="DSW" mask="24576">
			<diplocation name="SWA" number="6"/>
			<diplocation name="SWA" number="7"/>
			<dipvalue name="Easy" value="16384" default="yes"/>
			<dipvalue name="Medium" value="24576"/>
			<dipvalue name="Hard" value="8192"/>
			<dipvalue name="Hardest" value="0"/>
		</dipswitch>
		<dipswitch name="Freeze" tag="DSW" mask="32768">
			<diplocation name="SWA" number="8"/>
			<dipvalue name="Off" value="32768" default="yes"/>
			<dipvalue name="On" value="0"/>
		</dipswitch>
		<port tag=":DSW">
		</port>
		<port tag=":P1">
		</port>
		<port tag=":P2">
		</port>
		<port tag=":SYSTEM">
		</port>
		<driver status="good" emulation="good" savestate="supported"/>
	</machine>
	<machine name="bioniccbl2" sourcefile="bionicc.cpp" cloneof="bionicc" romof="bionicc">
		<description>Bionic Commandos (bootleg, set 2)</description>
		<year>1987</year>
		<manufacturer>bootleg</manufacturer>
		<rom name="tsu_02.1a" size="65536" crc="c03d3424" sha1="1d47185e10813c2792bda31c7dfbb40e88fd46ee" region="maincpu" offset="0"/>
		<rom name="tsu_04.1b" size="65536" crc="9f13eb9d" sha1="b9c8cfc22a1d2adcc6a93e3e382b2126446c05aa" region="maincpu" offset="1"/>
		<rom name="3" size="65536" crc="a909ec2c" sha1="7979480b5d82704f7d15546bda6af78316505f85" region="maincpu" offset="20000"/>
		<rom name="tsu_05.1d" size="65536" crc="4e6b75ce" sha1="44c3900b8dc9f375a7d6ed57c4025bc35771e29c" region="maincpu" offset="20001"/>
		<rom name="ts_01.4e" size="32768" crc="8ea07917" sha1="e9ace70d89482fc3669860450a41aacacbee9083" region="audiocpu" offset="0"/>
		<rom name="c8751h-88" size="4096" status="nodump" region="mcu" offset="0"/>
		<rom name="ts_08.8l" size="32768" crc="96ad379e" sha1="accd3a560b259c186bc28cdc004ed8de0b12f9d5" region="gfx1" offset="0"/>
		<rom name="ts_07.5l" size="32768" crc="25cdf8b2" sha1="316f6acc46878682dabeab12722e6a64504d23bd" region="gfx2" offset="0"/>
		<rom name="ts_06.4l" size="32768" crc="314fb12d" sha1="dab0519a49b64fe7a837b3c6383f6147e1ab6ffd" region="gfx2" offset="8000"/>
		<rom name="ts_12.17f" merge="ts_12.17f" size="32768" crc="e4b4619e" sha1="3bec8399ffb28fd50ce6ae88d90b091eadf8bda1" region="gfx3" offset="0"/>
		<rom name="ts_11.15f" merge="ts_11.15f" size="32768" crc="ab30237a" sha1="ea6c07df992ba48f9eca7daa4ea775faa94358d2" region="gfx3" offset="8000"/>
		<rom name="ts_17.17g" merge="ts_17.17g" size="32768" crc="deb657e4" sha1="b36b468f9bbb7a4937286230d3f6caa14c61d4dd" region="gfx3" offset="10000"/>
		<rom name="ts_16.15g" merge="ts_16.15g" size="32768" crc="d363b5f9" sha1="1dd3991d99db2d6bcbdb12879ba50a01fef95004" region="gfx3" offset="18000"/>
		<rom name="ts_13.18f" merge="ts_13.18f" size="32768" crc="a8f5a004" sha1="36ab0cb8ec9ce0519876f7461ccc5020c9c5b597" region="gfx3" offset="20000"/>
		<rom name="ts_18.18g" merge="ts_18.18g" size="32768" crc="3b36948c" sha1="d85fcc0265ba1729c587b046cc5a7ba6f25363dd" region="gfx3" offset="28000"/>
		<rom name="ts_23.18j" merge="ts_23.18j" size="32768" crc="bbfbe58a" sha1="9b1d5672b6f3c5c0952f8dcd0da71acc68a97a5e" region="gfx3" offset="30000"/>
		<rom name="ts_24.18k" merge="ts_24.18k" size="32768" crc="f156e564" sha1="a6cad05bcc6d9ded6294f9b5aa856d05641aed02" region="gfx3" offset="38000"/>
		<rom name="tse_10.13f" merge="tse_10.13f" size="32768" crc="d28eeacc" sha1="8b4a655a48da276b07f3464c65743b13cec52bcb" region="gfx4" offset="0"/>
		<rom name="tsu_09.11f" merge="tsu_09.11f" size="32768" crc="6a049292" sha1="525c862061f426d679b539b6926af4c9f14b47b5" region="gfx4" offset="8000"/>
		<rom name="tse_15.13g" merge="tse_15.13g" size="32768" crc="9b5593c0" sha1="73c0acbb01fe69c2bd29dea11b6a223c8efb54a0" region="gfx4" offset="10000"/>
		<rom name="tsu_14.11g" merge="tsu_14.11g" size="32768" crc="46b2ad83" sha1="21ebd5691a544323fdfcf330b9a37bbe0428e3e3" region="gfx4" offset="18000"/>
		<rom name="tse_20.13j" merge="tse_20.13j" size="32768" crc="b03db778" sha1="f72a93e73196c800c1893fd3b523394d702547dd" region="gfx4" offset="20000"/>
		<rom name="tsu_19.11j" merge="tsu_19.11j" size="32768" crc="b5c82722" sha1="969f9159f7d59e4e4c9ef9ddbdc27cbfa531eabf" region="gfx4" offset="28000"/>
		<rom name="tse_22.17j" merge="tse_22.17j" size="32768" crc="d4dedeb3" sha1="e121057bb541f3f5c755963ca22832c3fe2637c0" region="gfx4" offset="30000"/>
		<rom name="tsu_21.15j" merge="tsu_21.15j" size="32768" crc="98777006" sha1="bcc2058b639e9b71d16af05f63df298bcce91fdc" region="gfx4" offset="38000"/>
		<rom name="63s141.18f" merge="63s141.18f" size="256" crc="b58d0023" sha1="e8a4a2e2951bf73b3d9eed6957e9ee1e61c9c58a" region="proms" offset="0"/>
		<device_ref name="m68000"/>
		<device_ref name="timer"/>
		<device_ref name="z80"/>
		<device_ref name="screen"/>
		<device_ref name="gfxdecode"/>
		<device_ref name="tigeroad_spr"/>
		<device_ref name="palette"/>
		<device_ref name="buffered_spriteram16"/>
		<device_ref name="speaker"/>
		<device_ref name="generic_latch_8"/>
		<device_ref name="ym2151"/>
		<chip type="cpu" tag="maincpu" name="M68000" clock="12000000"/>
		<chip type="cpu" tag="audiocpu" name="Z80" clock="3579545"/>
		<chip type="audio" tag="mono" name="Speaker"/>
		<chip type="audio" tag="ymsnd" name="Yamaha YM2151 OPM" clock="3579545"/>
		<display tag="screen" type="raster" rotate="0" width="256" height="224" refresh="59.784775" pixclock="6000000" htotal="386" hbend="0" hbstart="256" vtotal="260" vbend="16" vbstart="240" />
		<sound channels="1"/>
		<input players="2" coins="2">
			<control type="joy" player="1" buttons="2" ways="8"/>
			<control type="joy" player="2" buttons="2" ways="8"/>
		</input>
		<dipswitch name="Coin A" tag="DSW" mask="7">
			<diplocation name="SWB" number="1"/>
			<diplocation name="SWB" number="2"/>
			<diplocation name="SWB" number="3"/>
			<dipvalue name="4 Coins/1 Credit" value="0"/>
			<dipvalue name="3 Coins/1 Credit" value="1"/>
			<dipvalue name="2 Coins/1 Credit" value="2"/>
			<dipvalue name="1 Coin/1 Credit" value="7" default="yes"/>
			<dipvalue name="1 Coin/2 Credits" value="6"/>
			<dipvalue name="1 Coin/3 Credits" value="5"/>
			<dipvalue name="1 Coin/4 Credits" value="4"/>
			<dipvalue name="1 Coin/6 Credits" value="3"/>
		</dipswitch>
		<dipswitch name="Coin B" tag="DSW" mask="56">
			<diplocation name="SWB" number="4"/>
			<diplocation name="SWB" number="5"/>
			<diplocation name="SWB" number="6"/>
			<dipvalue name="4 Coins/1 Credit" value="0"/>
			<dipvalue name="3 Coins/1 Credit" value="8"/>
			<dipvalue name="2 Coins/1 Credit" value="16"/>
			<dipvalue name="1 Coin/1 Credit" value="56" default="yes"/>
			<dipvalue name="1 Coin/2 Credits" value="48"/>
			<dipvalue name="1 Coin/3 Credits" value="40"/>
			<dipvalue name="1 Coin/4 Credits" value="32"/>
			<dipvalue name="1 Coin/6 Credits" value="24"/>
		</dipswitch>
		<dipswitch name="Service Mode" tag="DSW" mask="64">
			<diplocation name="SWB" number="7"/>
			<dipvalue name="Off" value="64" default="yes"/>
			<dipvalue name="On" value="0"/>
		</dipswitch>
		<dipswitch name="Flip Screen" tag="DSW" mask="128">
			<diplocation name="SWB" number="8"/>
			<dipvalue name="Off" value="128" default="yes"/>
			<dipvalue name="On" value="0"/>
		</dipswitch>
		<dipswitch name="Lives" tag="DSW" mask="768">
			<diplocation name="SWA" number="1"/>
			<diplocation name="SWA" number="2"/>
			<dipvalue name="3" value="768" default="yes"/>
			<dipvalue name="4" value="512"/>
			<dipvalue name="5" value="256"/>
			<dipvalue name="7" value="0"/>
		</dipswitch>
		<dipswitch name="Cabinet" tag="DSW" mask="1024">
			<diplocation name="SWA" number="3"/>
			<dipvalue name="Upright" value="1024" default="yes"/>
			<dipvalue name="Cocktail" value="0"/>
		</dipswitch>
		<dipswitch name="Bonus Life" tag="DSW" mask="6144">
			<diplocation name="SWA" number="4"/>
			<diplocation name="SWA" number="5"/>
			<dipvalue name="20k 40k 100k 60k+" value="6144" default="yes"/>
			<dipvalue name="30k 50k 120k 70k+" value="4096"/>
			<dipvalue name="20k 60k" value="2048"/>
			<dipvalue name="30k 70k" value="0"/>
		</dipswitch>
		<dipswitch name="Difficulty" tag="DSW" mask="24576">
			<diplocation name="SWA" number="6"/>
			<diplocation name="SWA" number="7"/>
			<dipvalue name="Easy" value="16384" default="yes"/>
			<dipvalue name="Medium" value="24576"/>
			<dipvalue name="Hard" value="8192"/>
			<dipvalue name="Hardest" value="0"/>
		</dipswitch>
		<dipswitch name="Freeze" tag="DSW" mask="32768">
			<diplocation name="SWA" number="8"/>
			<dipvalue name="Off" value="32768" default="yes"/>
			<dipvalue name="On" value="0"/>
		</dipswitch>
		<port tag=":DSW">
		</port>
		<port tag=":P1">
		</port>
		<port tag=":P2">
		</port>
		<port tag=":SYSTEM">
		</port>
		<driver status="good" emulation="good" savestate="supported"/>
	</machine>
	<machine name="topsecrt" sourcefile="bionicc.cpp" cloneof="bionicc" romof="bionicc">
		<description>Top Secret (Japan, old revision)</description>
		<year>1987</year>
		<manufacturer>Capcom</manufacturer>
		<rom name="ts_02.1a" size="65536" crc="b2fe1ddb" sha1="892f19124993add96edabdba3aafeecc6668c5d9" region="maincpu" offset="0"/>
		<rom name="ts_04.1b" size="65536" crc="427a003d" sha1="5a379fe2942e5565810939d5eb843003226222cc" region="maincpu" offset="1"/>
		<rom name="ts_03.2a" size="65536" crc="27f04bb6" sha1="41d17b84b34dc8b2e5dfa67794a8df3e898b740b" region="maincpu" offset="20000"/>
		<rom name="ts_05.2b" size="65536" crc="c01547b1" sha1="563bf6be4f10f5e6eb5b562266accf168f62bf30" region="maincpu" offset="20001"/>
		<rom name="ts_01.4e" size="32768" crc="8ea07917" sha1="e9ace70d89482fc3669860450a41aacacbee9083" region="audiocpu" offset="0"/>
		<rom name="d8751h.bin" size="4096" crc="3ed7f0be" sha1="db9e972065c8e60b5d74762dc3424271ea9524cb" region="mcu" offset="0"/>
		<rom name="ts_08.8l" size="32768" crc="96ad379e" sha1="accd3a560b259c186bc28cdc004ed8de0b12f9d5" region="gfx1" offset="0"/>
		<rom name="ts_07.5l" size="32768" crc="25cdf8b2" sha1="316f6acc46878682dabeab12722e6a64504d23bd" region="gfx2" offset="0"/>
		<rom name="ts_06.4l" size="32768" crc="314fb12d" sha1="dab0519a49b64fe7a837b3c6383f6147e1ab6ffd" region="gfx2" offset="8000"/>
		<rom name="ts_12.17f" merge="ts_12.17f" size="32768" crc="e4b4619e" sha1="3bec8399ffb28fd50ce6ae88d90b091eadf8bda1" region="gfx3" offset="0"/>
		<rom name="ts_11.15f" merge="ts_11.15f" size="32768" crc="ab30237a" sha1="ea6c07df992ba48f9eca7daa4ea775faa94358d2" region="gfx3" offset="8000"/>
		<rom name="ts_17.17g" merge="ts_17.17g" size="32768" crc="deb657e4" sha1="b36b468f9bbb7a4937286230d3f6caa14c61d4dd" region="gfx3" offset="10000"/>
		<rom name="ts_16.15g" merge="ts_16.15g" size="32768" crc="d363b5f9" sha1="1dd3991d99db2d6bcbdb12879ba50a01fef95004" region="gfx3" offset="18000"/>
		<rom name="ts_13.18f" merge="ts_13.18f" size="32768" crc="a8f5a004" sha1="36ab0cb8ec9ce0519876f7461ccc5020c9c5b597" region="gfx3" offset="20000"/>
		<rom name="ts_18.18g" merge="ts_18.18g" size="32768" crc="3b36948c" sha1="d85fcc0265ba1729c587b046cc5a7ba6f25363dd" region="gfx3" offset="28000"/>
		<rom name="ts_23.18j" merge="ts_23.18j" size="32768" crc="bbfbe58a" sha1="9b1d5672b6f3c5c0952f8dcd0da71acc68a97a5e" region="gfx3" offset="30000"/>
		<rom name="ts_24.18k" merge="ts_24.18k" size="32768" crc="f156e564" sha1="a6cad05bcc6d9ded6294f9b5aa856d05641aed02" region="gfx3" offset="38000"/>
		<rom name="ts_10.13f" size="32768" crc="c3587d05" sha1="ad0898a5d4cf110783ef092bf8e65b6ef31a8ae0" region="gfx4" offset="0"/>
		<rom name="ts_09.11f" size="32768" crc="6b63eef2" sha1="5d1580db7f49c5994c2a08a36c2d05f3e246930d" region="gfx4" offset="8000"/>
		<rom name="ts_15.13g" size="32768" crc="db8cebb0" sha1="1cc9eac14851cde95fb2d69d6f5ffb08bc9c0d93" region="gfx4" offset="10000"/>
		<rom name="ts_14.11g" size="32768" crc="e2e41abf" sha1="d002d0d8fdbb9ec3e2eac218f6338f733953ca82" region="gfx4" offset="18000"/>
		<rom name="ts_20.13j" size="32768" crc="bfd1a695" sha1="bf93486b96bfa1a1d5015189043b07e6130e6df1" region="gfx4" offset="20000"/>
		<rom name="ts_19.11j" size="32768" crc="928b669e" sha1="98ea9d23a46b0700490fd2fa7ab4fb0988dd5ca6" region="gfx4" offset="28000"/>
		<rom name="ts_22.17j" size="32768" crc="3fe05d9a" sha1="32e28ef03fb82785019d1ae8b3859215b5368c2b" region="gfx4" offset="30000"/>
		<rom name="ts_21.15j" size="32768" crc="27a9bb7c" sha1="bb60332c0ecde4d7797960dec39c1079498175c3" region="gfx4" offset="38000"/>
		<rom name="63s141.18f" merge="63s141.18f" size="256" crc="b58d0023" sha1="e8a4a2e2951bf73b3d9eed6957e9ee1e61c9c58a" region="proms" offset="0"/>
		<device_ref name="m68000"/>
		<device_ref name="timer"/>
		<device_ref name="z80"/>
		<device_ref name="screen"/>
		<device_ref name="gfxdecode"/>
		<device_ref name="tigeroad_spr"/>
		<device_ref name="palette"/>
		<device_ref name="buffered_spriteram16"/>
		<device_ref name="speaker"/>
		<device_ref name="generic_latch_8"/>
		<device_ref name="ym2151"/>
		<chip type="cpu" tag="maincpu" name="M68000" clock="12000000"/>
		<chip type="cpu" tag="audiocpu" name="Z80" clock="3579545"/>
		<chip type="audio" tag="mono" name="Speaker"/>
		<chip type="audio" tag="ymsnd" name="Yamaha YM2151 OPM" clock="3579545"/>
		<display tag="screen" type="raster" rotate="0" width="256" height="224" refresh="59.784775" pixclock="6000000" htotal="386" hbend="0" hbstart="256" vtotal="260" vbend="16" vbstart="240" />
		<sound channels="1"/>
		<input players="2" coins="2">
			<control type="joy" player="1" buttons="2" ways="8"/>
			<control type="joy" player="2" buttons="2" ways="8"/>
		</input>
		<dipswitch name="Coin A" tag="DSW" mask="7">
			<diplocation name="SWB" number="1"/>
			<diplocation name="SWB" number="2"/>
			<diplocation name="SWB" number="3"/>
			<dipvalue name="4 Coins/1 Credit" value="0"/>
			<dipvalue name="3 Coins/1 Credit" value="1"/>
			<dipvalue name="2 Coins/1 Credit" value="2"/>
			<dipvalue name="1 Coin/1 Credit" value="7" default="yes"/>
			<dipvalue name="1 Coin/2 Credits" value="6"/>
			<dipvalue name="1 Coin/3 Credits" value="5"/>
			<dipvalue name="1 Coin/4 Credits" value="4"/>
			<dipvalue name="1 Coin/6 Credits" value="3"/>
		</dipswitch>
		<dipswitch name="Coin B" tag="DSW" mask="56">
			<diplocation name="SWB" number="4"/>
			<diplocation name="SWB" number="5"/>
			<diplocation name="SWB" number="6"/>
			<dipvalue name="4 Coins/1 Credit" value="0"/>
			<dipvalue name="3 Coins/1 Credit" value="8"/>
			<dipvalue name="2 Coins/1 Credit" value="16"/>
			<dipvalue name="1 Coin/1 Credit" value="56" default="yes"/>
			<dipvalue name="1 Coin/2 Credits" value="48"/>
			<dipvalue name="1 Coin/3 Credits" value="40"/>
			<dipvalue name="1 Coin/4 Credits" value="32"/>
			<dipvalue name="1 Coin/6 Credits" value="24"/>
		</dipswitch>
		<dipswitch name="Service Mode" tag="DSW" mask="64">
			<diplocation name="SWB" number="7"/>
			<dipvalue name="Off" value="64" default="yes"/>
			<dipvalue name="On" value="0"/>
		</dipswitch>
		<dipswitch name="Flip Screen" tag="DSW" mask="128">
			<diplocation name="SWB" number="8"/>
			<dipvalue name="Off" value="128" default="yes"/>
			<dipvalue name="On" value="0"/>
		</dipswitch>
		<dipswitch name="Lives" tag="DSW" mask="768">
			<diplocation name="SWA" number="1"/>
			<diplocation name="SWA" number="2"/>
			<dipvalue name="3" value="768" default="yes"/>
			<dipvalue name="4" value="512"/>
			<dipvalue name="5" value="256"/>
			<dipvalue name="7" value="0"/>
		</dipswitch>
		<dipswitch name="Cabinet" tag="DSW" mask="1024">
			<diplocation name="SWA" number="3"/>
			<dipvalue name="Upright" value="1024" default="yes"/>
			<dipvalue name="Cocktail" value="0"/>
		</dipswitch>
		<dipswitch name="Bonus Life" tag="DSW" mask="6144">
			<diplocation name="SWA" number="4"/>
			<diplocation name="SWA" number="5"/>
			<dipvalue name="20k 40k 100k 60k+" value="6144" default="yes"/>
			<dipvalue name="30k 50k 120k 70k+" value="4096"/>
			<dipvalue name="20k 60k" value="2048"/>
			<dipvalue name="30k 70k" value="0"/>
		</dipswitch>
		<dipswitch name="Difficulty" tag="DSW" mask="24576">
			<diplocation name="SWA" number="6"/>
			<diplocation name="SWA" number="7"/>
			<dipvalue name="Easy" value="16384" default="yes"/>
			<dipvalue name="Medium" value="24576"/>
			<dipvalue name="Hard" value="8192"/>
			<dipvalue name="Hardest" value="0"/>
		</dipswitch>
		<dipswitch name="Freeze" tag="DSW" mask="32768">
			<diplocation name="SWA" number="8"/>
			<dipvalue name="Off" value="32768" default="yes"/>
			<dipvalue name="On" value="0"/>
		</dipswitch>
		<port tag=":DSW">
		</port>
		<port tag=":P1">
		</port>
		<port tag=":P2">
		</port>
		<port tag=":SYSTEM">
		</port>
		<driver status="good" emulation="good" savestate="supported"/>
	</machine>
</mame>
