{
	"video":{
		"magic": "APF_VER_1",
		"scaler_modes": [
			{
				"width": 288,
				"height": 224,
				"aspect_w": 4,
				"aspect_h": 3,
				"rotation": 0,
				"mirror": 0
			},
			{
				"width": 288,
				"height": 224,
				"aspect_w": 4,
				"aspect_h": 3,
				"rotation": 270,
				"mirror": 0
			},
			{
				"width": 288,
				"height": 224,
				"aspect_w": 4,
				"aspect_h": 3,
				"rotation": 90,
				"mirror": 0
			},
			{
				"width": 288,
				"height": 224,
				"aspect_w": 4,
				"aspect_h": 3,
				"rotation": 0,
				"mirror": 0
			},
			{
				"width": 272,
				"height": 224,
				"aspect_w": 4,
				"aspect_h": 3,
				"rotation": 0,
				"mirror": 0
			},
			{
				"width": 256,
				"height": 224,
				"aspect_w": 4,
				"aspect_h": 3,
				"rotation": 0,
				"mirror": 0
			}
		]
	}
}