{
	"input":{
		"magic": "APF_VER_1",
		"controllers": [
			{
				"type": "default",
				"mappings": [
					{
						"id": 0,
						"name": "Button 1",
						"key": "pad_btn_a"
					},
					{
						"id": 1,
						"name": "Button 2",
						"key": "pad_btn_b"
					},
					{
						"id": 2,
						"name": "Button 3",
						"key": "pad_btn_x"
					},
					{
						"id": 3,
						"name": "Button 4",
						"key": "pad_btn_y"
					},
					{
						"id": 4,
						"name": "Button 5",
						"key": "pad_trig_l"
					},
					{
						"id": 5,
						"name": "Button 6",
						"key": "pad_trig_r"
					}
				]
			}
		]
	}
}