{
	"input":{
		"magic": "APF_VER_1",
		"controllers": [
			{
				"type": "default",
				"mappings": [
					{
						"id": 0,
						"name": "Grab",
						"key": "pad_btn_a"
					},
					{
						"id": 1,
						"name": "Light Punch",
						"key": "pad_btn_b"
					},
					{
						"id": 2,
						"name": "Heavy Punch",
						"key": "pad_btn_x"
					},
					{
						"id": 3,
						"name": "Unused",
						"key": "pad_btn_y"
					},
					{
						"id": 4,
						"name": "Light Kick",
						"key": "pad_trig_l"
					},
					{
						"id": 5,
						"name": "Heavy Kick",
						"key": "pad_trig_r"
					}
				]
			}
		]
	}
}